Algorithm,Average Time (ms)
ELO,0.18455982208251953
GA,4918.347918987274
BPSO,5267.749226093292
