,avg_nse_broken,avg_nse_elo,avg_nse_ga,avg_nse_bpso,avg_pssl_broken,avg_pssl_elo,avg_pssl_ga,avg_pssl_bpso,avg_pbp_broken,avg_pbp_elo,avg_pbp_ga,avg_pbp_bpso,avg_isll_broken,avg_isll_elo,avg_isll_ga,avg_isll_bpso
0,0.9799716368357533,0.2571225343719583,0.08751565754756585,0.1478116262449848,14.724291327913587,-4.812018848112817,-7.279030193315077,-6.252679087373236,-19.367424353813757,-1.9366044741027957,-0.8732565461477123,-1.3308932688114223,8.938595288950546,-1.0757194636454543,-3.903489150629958,-2.53128294424663
1,0.8887137692478879,0.2745109154173791,0.11179556726971737,0.15510624951065494,10.689201806606318,-4.058839836192082,-6.422130483995767,-5.705748306571869,-15.102752518527543,-2.1193755731807316,-1.1051051999704038,-1.4832174970117593,7.627749788699361,-0.9219913907106362,-3.2374305369776146,-2.373157850813271
