,avg_nse_broken,avg_nse_elo,avg_nse_ga,avg_nse_bpso,avg_pssl_broken,avg_pssl_elo,avg_pssl_ga,avg_pssl_bpso,avg_pbp_broken,avg_pbp_elo,avg_pbp_ga,avg_pbp_bpso,avg_isll_broken,avg_isll_elo,avg_isll_ga,avg_isll_bpso
0,0.9790324578129229,0.24180171481206442,0.09932722720132049,0.1530352638373864,14.415097348611015,-5.051309507012782,-7.0625237132156355,-6.114345902174251,-19.011266533571625,-1.8224957002709634,-0.9526902602247397,-1.4060357155687109,8.579649776166216,-1.3195073861185238,-3.762887042517301,-2.6035487765052556
1,1.0656506786902098,0.3240803945909707,0.12183821463253716,0.1779251092487112,12.874663935979239,-3.644964213781241,-6.518837876321363,-5.58493114211585,-17.425261058314053,-2.4006768555950204,-1.149624866369238,-1.5939972906820785,9.3023061943383,0.02566231281849095,-3.060646865118336,-2.0546758229070616
