,avg_nse_broken,avg_nse_elo,avg_nse_ga,avg_nse_bpso,avg_pssl_broken,avg_pssl_elo,avg_pssl_ga,avg_pssl_bpso,avg_pbp_broken,avg_pbp_elo,avg_pbp_ga,avg_pbp_bpso,avg_isll_broken,avg_isll_elo,avg_isll_ga,avg_isll_bpso
0,0.9359381810349013,0.24548930711649833,0.08900697981461322,0.14777406430650727,12.920343369121587,-5.140119023759016,-7.514754201420449,-6.2146201281047295,-17.739642900417667,-1.8361139970358242,-0.8843275351058726,-1.3288103127415973,7.994393671556192,-1.4677366864941168,-4.045894431227517,-2.697912845888739
1,0.9571928984405096,0.30366793907445055,0.12283774052865369,0.17380781899242206,10.729970901073518,-3.9140644535934377,-6.486653482301352,-5.55922532718261,-15.426612730309309,-2.248391969123801,-1.1954144155137862,-1.5835616432614297,8.176020090566057,-0.4729578313363953,-3.0558210423455674,-2.1106346842206674
