,avg_nse_broken,avg_nse_elo,avg_nse_ga,avg_nse_bpso,avg_pssl_broken,avg_pssl_elo,avg_pssl_ga,avg_pssl_bpso,avg_pbp_broken,avg_pbp_elo,avg_pbp_ga,avg_pbp_bpso,avg_isll_broken,avg_isll_elo,avg_isll_ga,avg_isll_bpso
0,0.9621530943337931,0.26329503071844856,0.08336574077521308,0.1378276084263916,13.538539960734262,-4.860118847294695,-7.66201598522006,-6.435666661314516,-18.484289396414376,-1.9326362431736737,-0.817253480692001,-1.2347031579130279,8.508662102990835,-1.1534155901030836,-4.107740827414423,-2.8139716436963838
1,0.9647195636857107,0.26438758224505876,0.11599867034151477,0.16836889828970503,13.803180002912262,-4.39178629808816,-6.355760940374033,-5.448109796827987,-18.235995281615086,-2.010339315192456,-1.164303470237495,-1.5940834268431463,8.98031595093283,-0.8743092972922893,-3.0109363263707682,-1.8890210806125267
