,avg_nse_broken,avg_nse_elo,avg_nse_ga,avg_nse_bpso,avg_pssl_broken,avg_pssl_elo,avg_pssl_ga,avg_pssl_bpso,avg_pbp_broken,avg_pbp_elo,avg_pbp_ga,avg_pbp_bpso,avg_isll_broken,avg_isll_elo,avg_isll_ga,avg_isll_bpso
0,1.0148544813085316,0.23472777919693888,0.08390187850358054,0.15438073176523753,13.745548715249571,-5.156204128255983,-7.442758536281306,-6.113510680441321,-18.299141658988585,-1.7707548506343007,-0.8386602185394589,-1.421975411104295,9.406895168337586,-1.4406505436425319,-4.083282885085364,-2.6476025040734923
1,1.0254389438331695,0.28164602979651526,0.12894185106679815,0.18350633086510726,21.429499329765225,-4.213271152313821,-6.546164568496452,-5.505987619082602,-26.03459922260758,-2.100310844580169,-1.235435550106827,-1.668693642292746,9.12852725046321,-0.6519360698378162,-2.904378207216896,-1.9229485458438766
