,avg_nse_broken,avg_nse_elo,avg_nse_ga,avg_nse_bpso,avg_pssl_broken,avg_pssl_elo,avg_pssl_ga,avg_pssl_bpso,avg_pbp_broken,avg_pbp_elo,avg_pbp_ga,avg_pbp_bpso,avg_isll_broken,avg_isll_elo,avg_isll_ga,avg_isll_bpso
0,0.9268938505027389,0.2516107278404575,0.08283560085584338,0.14241418581300286,19.328445567728483,-5.002765638766085,-7.3941983181351745,-6.22025908720534,-24.313635334505886,-1.9081390674135295,-0.826480460325155,-1.3591545860096095,8.000657773739016,-1.3326630163166335,-4.161840184477343,-2.769868176315219
1,1.0059958675987548,0.29689593282416016,0.11206024756887259,0.1730673194223453,12.499256248587825,-4.128096192494021,-6.716274425286518,-5.590443590595418,-17.101045089230624,-2.2202156451200468,-1.069801285594677,-1.5380812563025277,9.063762622153826,-0.5330740416638972,-3.5361621536193804,-2.221759539980083
