,avg_nse_broken,avg_nse_elo,avg_nse_ga,avg_nse_bpso,avg_pssl_broken,avg_pssl_elo,avg_pssl_ga,avg_pssl_bpso,avg_pbp_broken,avg_pbp_elo,avg_pbp_ga,avg_pbp_bpso,avg_isll_broken,avg_isll_elo,avg_isll_ga,avg_isll_bpso
0,1.0033370235230725,0.2612680705835298,0.09513931301192012,0.15713441000934256,15.071525909698122,-4.546586706197315,-7.1480399089045425,-5.836683055286253,-19.609915184147074,-2.040294260419575,-0.9533532902039864,-1.4444349602337694,9.618819230262018,-0.9211146683251907,-3.820372158203367,-2.4813831886133295
1,0.9658517079017663,0.3175432857752676,0.1200718877868338,0.16723895309516468,10.56384412542663,-3.5748193317551795,-6.798854071901926,-5.918461998853465,-15.235769967341156,-2.432909881031023,-1.129745311479524,-1.522398096846286,8.476518839481503,-0.06576407884261147,-3.2956766395006807,-2.2490072372934016
