,avg_nse_broken,avg_nse_elo,avg_nse_ga,avg_nse_bpso,avg_pssl_broken,avg_pssl_elo,avg_pssl_ga,avg_pssl_bpso,avg_pbp_broken,avg_pbp_elo,avg_pbp_ga,avg_pbp_bpso,avg_isll_broken,avg_isll_elo,avg_isll_ga,avg_isll_bpso
0,0.9157769146960806,0.21074807056775244,0.07903033038188165,0.13817102215441188,11.539880263928765,-5.459718736811172,-7.0819830499380805,-6.054797454376536,-16.147051699974387,-1.6468487630385273,-0.8498870712293648,-1.3576277265437309,8.915847205770154,-1.9128817086825287,-3.9388466631922925,-2.675332419285682
1,1.0277016351370192,0.30948977453227056,0.11682004120741911,0.174713761508845,14.129498222324756,-4.016033662950103,-6.8952979636214025,-5.76513200961985,-18.829627519220438,-2.2361926287981877,-1.0926385916797758,-1.5621311174533647,9.103590117454404,-0.3817034376694489,-3.3429111019786233,-2.243899291064816
