Algorithm,Average Time (ms)
ELO,0.22710704803466797
GA,4561.171626567841
BPSO,4833.7797865867615
