Algorithm,Average Time (ms)
ELO,0.18327665328979492
GA,3782.383789539337
BPSO,4369.904291629791
