Algorithm,Average Time (ms)
ELO,0.2051918506622314
GA,4171.777708053589
BPSO,4601.842039108276
